{
	"partitions" : [
		{
			"name" : "Top",
			"pins" : [
				{
					"name" : "out1[0]",
					"strict" : false
				},
				{
					"name" : "out1[1]",
					"strict" : false
				},
				{
					"name" : "out1[2]",
					"strict" : false
				},
				{
					"name" : "out1[3]",
					"strict" : false
				},
				{
					"name" : "out1[4]",
					"strict" : false
				},
				{
					"name" : "out1[5]",
					"strict" : false
				},
				{
					"name" : "out1[6]",
					"strict" : false
				},
				{
					"name" : "out1[7]",
					"strict" : false
				},
				{
					"name" : "out1[8]",
					"strict" : false
				},
				{
					"name" : "out1[9]",
					"strict" : false
				},
				{
					"name" : "out1[10]",
					"strict" : false
				},
				{
					"name" : "out1[11]",
					"strict" : false
				},
				{
					"name" : "out1[12]",
					"strict" : false
				},
				{
					"name" : "out1[13]",
					"strict" : false
				},
				{
					"name" : "out1[14]",
					"strict" : false
				},
				{
					"name" : "out1[15]",
					"strict" : false
				},
				{
					"name" : "out1[16]",
					"strict" : false
				},
				{
					"name" : "clk",
					"strict" : false
				},
				{
					"name" : "inp_b1[0]",
					"strict" : false
				},
				{
					"name" : "inp_a1[0]",
					"strict" : false
				},
				{
					"name" : "inp_carry1",
					"strict" : false
				},
				{
					"name" : "inp_b1[1]",
					"strict" : false
				},
				{
					"name" : "inp_a1[1]",
					"strict" : false
				},
				{
					"name" : "inp_b1[2]",
					"strict" : false
				},
				{
					"name" : "inp_a1[2]",
					"strict" : false
				},
				{
					"name" : "inp_b1[3]",
					"strict" : false
				},
				{
					"name" : "inp_a1[3]",
					"strict" : false
				},
				{
					"name" : "inp_b1[4]",
					"strict" : false
				},
				{
					"name" : "inp_a1[4]",
					"strict" : false
				},
				{
					"name" : "inp_b1[5]",
					"strict" : false
				},
				{
					"name" : "inp_a1[5]",
					"strict" : false
				},
				{
					"name" : "inp_b1[6]",
					"strict" : false
				},
				{
					"name" : "inp_a1[6]",
					"strict" : false
				},
				{
					"name" : "inp_b1[7]",
					"strict" : false
				},
				{
					"name" : "inp_a1[7]",
					"strict" : false
				},
				{
					"name" : "inp_b1[8]",
					"strict" : false
				},
				{
					"name" : "inp_a1[8]",
					"strict" : false
				},
				{
					"name" : "inp_b1[9]",
					"strict" : false
				},
				{
					"name" : "inp_a1[9]",
					"strict" : false
				},
				{
					"name" : "inp_b1[10]",
					"strict" : false
				},
				{
					"name" : "inp_a1[10]",
					"strict" : false
				},
				{
					"name" : "inp_b1[11]",
					"strict" : false
				},
				{
					"name" : "inp_a1[11]",
					"strict" : false
				},
				{
					"name" : "inp_b1[12]",
					"strict" : false
				},
				{
					"name" : "inp_a1[12]",
					"strict" : false
				},
				{
					"name" : "inp_b1[13]",
					"strict" : false
				},
				{
					"name" : "inp_a1[13]",
					"strict" : false
				},
				{
					"name" : "inp_b1[14]",
					"strict" : false
				},
				{
					"name" : "inp_a1[14]",
					"strict" : false
				},
				{
					"name" : "inp_b1[15]",
					"strict" : false
				},
				{
					"name" : "inp_a1[15]",
					"strict" : false
				}
			]
		}
	]
}